Teams,Fixture
"AFC Bournemouth,West Bromwich Albion FC",147081
"Everton FC,Arsenal FC",146803
"West Ham United FC,Newcastle United FC",147043
"Newcastle United FC,Stoke City FC",146985
"Southampton FC,Everton FC",147065
"Southampton FC,Newcastle United FC",146786
"Norwich City FC,Newcastle United FC",146797
"Watford FC,Chelsea FC",146871
"Tottenham Hotspur FC,Liverpool FC",147005
"Tottenham Hotspur FC,Crystal Palace FC",147034
"Leicester City FC,Manchester United FC",146956
"Leicester City FC,Newcastle United FC",146812
"Swansea City FC,Newcastle United FC",147067
"Leicester City FC,AFC Bournemouth",147098
"Leicester City FC,Sunderland AFC",147074
"Everton FC,West Ham United FC",146821
"Liverpool FC,West Ham United FC",147046
"Sunderland AFC,Swansea City FC",147059
"Watford FC,Arsenal FC",147006
"Manchester United FC,Leicester City FC",146758
"Manchester United FC,AFC Bournemouth",147080
"West Bromwich Albion FC,Norwich City FC",146809
"AFC Bournemouth,Southampton FC",147090
"Arsenal FC,Watford FC",146792
"Liverpool FC,Southampton FC",146993
"AFC Bournemouth,Crystal Palace FC",147100
"Manchester City FC,Leicester City FC",146858
"Tottenham Hotspur FC,Norwich City FC",146926
"Stoke City FC,Sunderland AFC",146761
"Crystal Palace FC,Norwich City FC",146783
"Watford FC,Manchester City FC",146906
"Leicester City FC,West Ham United FC",146777
"Newcastle United FC,Leicester City FC",146967
"Norwich City FC,Aston Villa FC",146913
"Newcastle United FC,Chelsea FC",147020
"Arsenal FC,Tottenham Hotspur FC",146972
"Watford FC,Norwich City FC",146952
"Crystal Palace FC,Stoke City FC",146748
"Sunderland AFC,Newcastle United FC",146997
"Watford FC,AFC Bournemouth",147091
"Aston Villa FC,Manchester United FC",147062
"Crystal Palace FC,West Bromwich Albion FC",147011
"Norwich City FC,Southampton FC",146904
"Newcastle United FC,Southampton FC",147076
"Sunderland AFC,Leicester City FC",146787
"Liverpool FC,Arsenal FC",146897
"Sunderland AFC,Arsenal FC",146771
"Aston Villa FC,West Bromwich Albion FC",147026
"West Bromwich Albion FC,Chelsea FC",147061
"Everton FC,Manchester United FC",147001
"Manchester United FC,Crystal Palace FC",146814
"Leicester City FC,Liverpool FC",146868
"Norwich City FC,Stoke City FC",147058
"Southampton FC,Leicester City FC",147003
"Norwich City FC,Crystal Palace FC",147077
"Crystal Palace FC,Everton FC",146766
"Manchester United FC,Southampton FC",146877
"Aston Villa FC,Everton FC",146832
"AFC Bournemouth,Leicester City FC",147114
"Watford FC,Southampton FC",147060
"Southampton FC,Manchester United FC",147031
"Crystal Palace FC,AFC Bournemouth",147094
"West Ham United FC,Stoke City FC",146944
"Norwich City FC,West Bromwich Albion FC",146995
"Swansea City FC,Arsenal FC",146986
"Manchester City FC,Swansea City FC",146940
"Aston Villa FC,Sunderland AFC",147044
"Manchester City FC,Aston Villa FC",146822
"Chelsea FC,AFC Bournemouth",147103
"Leicester City FC,Stoke City FC",146876
"Crystal Palace FC,Aston Villa FC",147054
"AFC Bournemouth,Watford FC",147110
"Stoke City FC,Chelsea FC",146978
"Manchester City FC,Southampton FC",146958
"Swansea City FC,Norwich City FC",146824
"Swansea City FC,Liverpool FC",146762
"Norwich City FC,Arsenal FC",146959
"Manchester City FC,Everton FC",146893
"Norwich City FC,Watford FC",146770
"Chelsea FC,West Ham United FC",146801
"Norwich City FC,Liverpool FC",146878
"Norwich City FC,Chelsea FC",146834
"Aston Villa FC,Crystal Palace FC",146898
"AFC Bournemouth,Everton FC",147104
"Tottenham Hotspur FC,West Bromwich Albion FC",146772
"Manchester City FC,Arsenal FC",146751
"Crystal Palace FC,Manchester United FC",146982
"Sunderland AFC,AFC Bournemouth",147095
"West Ham United FC,Aston Villa FC",146872
"Manchester United FC,Chelsea FC",146912
"Arsenal FC,Stoke City FC",147035
"West Ham United FC,Sunderland AFC",146845
"AFC Bournemouth,Newcastle United FC",147106
"Manchester City FC,Tottenham Hotspur FC",146851
"Norwich City FC,Everton FC",146941
"Aston Villa FC,Leicester City FC",146882
"Southampton FC,Swansea City FC",147021
"Swansea City FC,Aston Villa FC",146807
"Watford FC,Aston Villa FC",146763
"Newcastle United FC,Manchester City FC",146840
"Manchester City FC,West Ham United FC",147029
"Chelsea FC,Manchester City FC",146775
"Sunderland AFC,Crystal Palace FC",146835
"Leicester City FC,Arsenal FC",147017
"Everton FC,Newcastle United FC",146864
"Swansea City FC,Watford FC",146889
"Leicester City FC,Watford FC",146974
"Sunderland AFC,Everton FC",146817
"Stoke City FC,Everton FC",146861
"Crystal Palace FC,Sunderland AFC",146964
"Chelsea FC,Sunderland AFC",146928
"Sunderland AFC,Southampton FC",146979
"Arsenal FC,Crystal Palace FC",146774
"West Ham United FC,Everton FC",146980
"Newcastle United FC,West Bromwich Albion FC",146859
"Watford FC,West Bromwich Albion FC",147069
"Stoke City FC,Aston Villa FC",146842
"Aston Villa FC,Liverpool FC",146847
"Sunderland AFC,Chelsea FC",146753
"Manchester City FC,Stoke City FC",146769
"Liverpool FC,Stoke City FC",146784
"Watford FC,Manchester United FC",146970
"Sunderland AFC,Liverpool FC",146914
"Chelsea FC,West Bromwich Albion FC",146892
"Stoke City FC,Leicester City FC",147032
"Manchester United FC,West Ham United FC",146947
"Manchester United FC,West Bromwich Albion FC",146976
"Norwich City FC,Manchester United FC",146752
"Leicester City FC,West Bromwich Albion FC",146833
"Watford FC,Crystal Palace FC",147023
"Arsenal FC,Leicester City FC",146846
"Liverpool FC,Chelsea FC",146813
"Arsenal FC,Chelsea FC",146873
"Watford FC,Stoke City FC",146808
"Liverpool FC,Manchester City FC",146829
"Tottenham Hotspur FC,Manchester United FC",146789
"Everton FC,Southampton FC",146776
"Tottenham Hotspur FC,Sunderland AFC",146890
"Aston Villa FC,Arsenal FC",146936
"AFC Bournemouth,Manchester City FC",147086
"Norwich City FC,AFC Bournemouth",147113
"Liverpool FC,Tottenham Hotspur FC",146795
"Norwich City FC,West Ham United FC",146852
"Stoke City FC,Liverpool FC",147078
"Tottenham Hotspur FC,Watford FC",146863
"Southampton FC,Liverpool FC",146806
"Tottenham Hotspur FC,Stoke City FC",147068
"Chelsea FC,Southampton FC",147010
"Newcastle United FC,Tottenham Hotspur FC",146741
"Chelsea FC,Everton FC",146883
"Tottenham Hotspur FC,Everton FC",147052
"Crystal Palace FC,Liverpool FC",146820
"AFC Bournemouth,Tottenham Hotspur FC",147108
"Leicester City FC,Swansea City FC",146767
"Crystal Palace FC,Leicester City FC",146802
"Arsenal FC,AFC Bournemouth",147099
"West Bromwich Albion FC,Manchester United FC",146827
"Aston Villa FC,Manchester City FC",146973
"West Bromwich Albion FC,AFC Bournemouth",147101
"Everton FC,Stoke City FC",146910
"West Ham United FC,Watford FC",146818
"Norwich City FC,Sunderland AFC",146780
"Chelsea FC,Leicester City FC",146739
"Arsenal FC,West Bromwich Albion FC",146810
"Manchester United FC,Arsenal FC",146839
"Manchester City FC,AFC Bournemouth",147109
"West Ham United FC,AFC Bournemouth",147115
"Newcastle United FC,Arsenal FC",147048
"Manchester United FC,Newcastle United FC",147057
"Aston Villa FC,Swansea City FC",146991
"Chelsea FC,Liverpool FC",146981
"West Ham United FC,Chelsea FC",146998
"Aston Villa FC,Chelsea FC",146793
"West Bromwich Albion FC,West Ham United FC",146764
"Tottenham Hotspur FC,Newcastle United FC",146943
"Swansea City FC,Manchester City FC",146744
"Aston Villa FC,AFC Bournemouth",147085
"Tottenham Hotspur FC,Swansea City FC",146843
"Southampton FC,Manchester City FC",146760
"Southampton FC,AFC Bournemouth",147107
"West Bromwich Albion FC,Arsenal FC",146971
"Swansea City FC,Everton FC",147033
"Stoke City FC,Norwich City FC",146896
"Crystal Palace FC,Manchester City FC",147036
"West Ham United FC,Arsenal FC",146791
"Newcastle United FC,West Ham United FC",146886
"Crystal Palace FC,Tottenham Hotspur FC",146874
"Everton FC,AFC Bournemouth",147082
"Chelsea FC,Norwich City FC",146963
"West Bromwich Albion FC,Swansea City FC",146866
"Chelsea FC,Tottenham Hotspur FC",146757
"Manchester United FC,Sunderland AFC",147019
"Sunderland AFC,Norwich City FC",147066
"Manchester United FC,Norwich City FC",146930
"Sunderland AFC,Manchester City FC",146870
"Liverpool FC,Watford FC",146750
"Manchester United FC,Tottenham Hotspur FC",147075
"West Bromwich Albion FC,Tottenham Hotspur FC",146953
"Newcastle United FC,Crystal Palace FC",146759
"Everton FC,Leicester City FC",146929
"Watford FC,Liverpool FC",146935
"Sunderland AFC,Watford FC",146942
"West Bromwich Albion FC,Everton FC",147024
"Liverpool FC,Norwich City FC",147028
"Arsenal FC,Swansea City FC",146831
"Tottenham Hotspur FC,Manchester City FC",147022
"Stoke City FC,Crystal Palace FC",146933
"Manchester City FC,Liverpool FC",146966
"Chelsea FC,Arsenal FC",147027
"AFC Bournemouth,Stoke City FC",147092
"Tottenham Hotspur FC,Leicester City FC",146891
"Manchester City FC,Manchester United FC",146804
"Chelsea FC,Manchester United FC",146856
"AFC Bournemouth,West Ham United FC",147097
"Swansea City FC,Crystal Palace FC",146862
"Tottenham Hotspur FC,Southampton FC",146754
"Leicester City FC,Manchester City FC",146911
"Everton FC,Crystal Palace FC",146946
"Newcastle United FC,Everton FC",146922
"West Ham United FC,Leicester City FC",147070
"Everton FC,Norwich City FC",146740
"Crystal Palace FC,Chelsea FC",146901
"Aston Villa FC,Stoke City FC",147009
"Swansea City FC,Southampton FC",146854
"West Bromwich Albion FC,Leicester City FC",146989
"Liverpool FC,Sunderland AFC",146857
"Aston Villa FC,Southampton FC",146765
"Newcastle United FC,Manchester United FC",146894
"Sunderland AFC,Stoke City FC",146960
"Watford FC,Swansea City FC",147041
"Swansea City FC,Sunderland AFC",146899
"Stoke City FC,AFC Bournemouth",147111
"West Ham United FC,Swansea City FC",146755
"AFC Bournemouth,Manchester United FC",147102
"Newcastle United FC,Swansea City FC",146779
"Arsenal FC,Newcastle United FC",146900
"Liverpool FC,Leicester City FC",146920
"Watford FC,Everton FC",146790
"Southampton FC,Sunderland AFC",146823
"Manchester City FC,Chelsea FC",147064
"Aston Villa FC,Newcastle United FC",146747
"West Ham United FC,Tottenham Hotspur FC",146836
"Newcastle United FC,Watford FC",147030
"Arsenal FC,Everton FC",146990
"Stoke City FC,Watford FC",146996
"Aston Villa FC,West Ham United FC",146918
"Manchester City FC,Newcastle United FC",147013
"Everton FC,West Bromwich Albion FC",146850
"Newcastle United FC,Aston Villa FC",146931
"Crystal Palace FC,Arsenal FC",147063
"Stoke City FC,Manchester City FC",146950
"West Bromwich Albion FC,Liverpool FC",146746
"Stoke City FC,West Bromwich Albion FC",147050
"Swansea City FC,Chelsea FC",146788
"Sunderland AFC,West Ham United FC",147015
"West Ham United FC,Manchester United FC",146773
"Manchester United FC,Everton FC",146796
"Stoke City FC,Newcastle United FC",146828
"AFC Bournemouth,Sunderland AFC",147112
"Manchester City FC,Sunderland AFC",146921
"Everton FC,Sunderland AFC",146983
"Chelsea FC,Watford FC",146919
"Liverpool FC,Newcastle United FC",146768
"Leicester City FC,Aston Villa FC",147038
"Manchester City FC,Crystal Palace FC",146885
"Liverpool FC,Manchester United FC",146884
"Newcastle United FC,Liverpool FC",146948
"West Bromwich Albion FC,Newcastle United FC",146916
"Sunderland AFC,Tottenham Hotspur FC",147040
"West Ham United FC,Norwich City FC",147025
"Everton FC,Chelsea FC",147037
"Southampton FC,West Bromwich Albion FC",146887
"Southampton FC,Crystal Palace FC",146742
"Southampton FC,Tottenham Hotspur FC",146932
"Leicester City FC,Tottenham Hotspur FC",147056
"Chelsea FC,Aston Villa FC",146999
"Stoke City FC,Manchester United FC",146924
"Chelsea FC,Crystal Palace FC",147045
"Manchester United FC,Stoke City FC",146865
"Manchester City FC,West Bromwich Albion FC",146785
"Tottenham Hotspur FC,Arsenal FC",146825
"Southampton FC,Arsenal FC",146923
"Norwich City FC,Tottenham Hotspur FC",146869
"Southampton FC,Chelsea FC",146841
"Arsenal FC,Liverpool FC",147053
"Watford FC,Sunderland AFC",146745
"Tottenham Hotspur FC,Aston Villa FC",146987
"West Bromwich Albion FC,Watford FC",146782
"Crystal Palace FC,Watford FC",146849
"Swansea City FC,West Bromwich Albion FC",146925
"Stoke City FC,Southampton FC",146816
"Everton FC,Liverpool FC",147012
"Leicester City FC,Norwich City FC",146837
"Liverpool FC,Everton FC",146838
"Chelsea FC,Swansea City FC",147072
"Stoke City FC,West Ham United FC",146743
"Leicester City FC,Crystal Palace FC",146992
"Tottenham Hotspur FC,West Ham United FC",146969
"Crystal Palace FC,West Ham United FC",147000
"Arsenal FC,Manchester United FC",147008
"West Ham United FC,West Bromwich Albion FC",146962
"Arsenal FC,Aston Villa FC",146738
"West Bromwich Albion FC,Aston Villa FC",146880
"Everton FC,Swansea City FC",146875
"Norwich City FC,Swansea City FC",146977
"Everton FC,Manchester City FC",147055
"Liverpool FC,Swansea City FC",146957
"Tottenham Hotspur FC,AFC Bournemouth",147087
"Manchester City FC,Watford FC",147047
"AFC Bournemouth,Swansea City FC",147088
"AFC Bournemouth,Norwich City FC",147096
"Southampton FC,Norwich City FC",147049
"Swansea City FC,West Ham United FC",146934
"Aston Villa FC,Norwich City FC",146855
"Watford FC,Leicester City FC",146826
"West Bromwich Albion FC,Manchester City FC",147079
"Manchester United FC,Swansea City FC",146903
"Manchester United FC,Manchester City FC",146994
"Swansea City FC,Leicester City FC",146951
"Southampton FC,West Ham United FC",146860
"Leicester City FC,Southampton FC",146794
"Arsenal FC,Sunderland AFC",146945
"West Ham United FC,Crystal Palace FC",146800
"Liverpool FC,AFC Bournemouth",147116
"Newcastle United FC,Norwich City FC",147002
"Watford FC,Newcastle United FC",146879
"Sunderland AFC,Manchester United FC",146853
"Norwich City FC,Manchester City FC",146815
"Manchester City FC,Norwich City FC",146984
"Leicester City FC,Chelsea FC",146938
"Stoke City FC,Arsenal FC",146888
"Manchester United FC,Liverpool FC",147039
"Crystal Palace FC,Swansea City FC",146909
"Liverpool FC,West Bromwich Albion FC",146939
"Stoke City FC,Tottenham Hotspur FC",146781
"Swansea City FC,Tottenham Hotspur FC",147016
"Aston Villa FC,Watford FC",146954
"Chelsea FC,Newcastle United FC",146848
"Swansea City FC,Stoke City FC",147004
"Everton FC,Aston Villa FC",146965
"West Bromwich Albion FC,Southampton FC",147042
"Southampton FC,Watford FC",146895
"Stoke City FC,Swansea City FC",146798
"Swansea City FC,AFC Bournemouth",147105
"West Bromwich Albion FC,Crystal Palace FC",146844
"Tottenham Hotspur FC,Chelsea FC",146961
"West Bromwich Albion FC,Stoke City FC",146907
"Southampton FC,Stoke City FC",146968
"Everton FC,Tottenham Hotspur FC",146902
"Liverpool FC,Crystal Palace FC",146975
"AFC Bournemouth,Arsenal FC",147093
"Arsenal FC,Norwich City FC",146756
"Chelsea FC,Stoke City FC",146819
"Swansea City FC,Manchester United FC",147051
"West Ham United FC,Southampton FC",146917
"Arsenal FC,West Ham United FC",147071
"Everton FC,Watford FC",147073
"Arsenal FC,Southampton FC",146867
"West Bromwich Albion FC,Sunderland AFC",147007
"Crystal Palace FC,Southampton FC",146937
"Arsenal FC,Manchester City FC",146927
"Sunderland AFC,Aston Villa FC",146905
"Newcastle United FC,AFC Bournemouth",147089
"Leicester City FC,Everton FC",146749
"Watford FC,West Ham United FC",146988
"Crystal Palace FC,Newcastle United FC",146955
"AFC Bournemouth,Chelsea FC",147083
"Southampton FC,Aston Villa FC",146949
"AFC Bournemouth,Aston Villa FC",147117
"West Ham United FC,Manchester City FC",146881
"Newcastle United FC,Sunderland AFC",146805
"West Ham United FC,Liverpool FC",146908
"Aston Villa FC,Tottenham Hotspur FC",146811
"Manchester United FC,Watford FC",146830
"Liverpool FC,Aston Villa FC",147018
"Watford FC,Tottenham Hotspur FC",146915
"Norwich City FC,Leicester City FC",147014
"Sunderland AFC,West Bromwich Albion FC",146799
"AFC Bournemouth,Liverpool FC",147084
"Manchester United FC,Aston Villa FC",146778
